"path","bytes","sha256"
".gitignore","162","79e8a066b678c00c46b7b6b169ee9140078c0bcd1059933a9ab710a447a0aac0"
"CITATION.cff","814","a38417f3a104ee00604f9adfb62db1a94559938807b4e06ee2455f732b6ad569"
"configs\ai_matrix.yaml","918","e58ed883fe53bf15bfa305e31d1d359e4f2d2df153b09451675540a04995cbdf"
"configs\open_weight_anchor.yaml","314","fc0163babfcd42b1abbb81170f247df3de8eebd0ba85df3c7d013ba31999c475"
"configs\providers.example.yaml","1020","b282b92758de5d1d1eac8d823bec98199dcac0a395ea59ffa1f5f0be175008ed"
"configs\schema_equalized_controls.yaml","352","8bcd2e206a0f93cb084e19c699bd921055db4db8fe091b3c7f2bcc4c8dc7dcfb"
"EXCLUDED_MATERIALS.md","495","e7a56d42bcd8c66a422cd273b6c75166e275a74534b0b7b4832db89507a9e95d"
"LICENSE","1066","3bb865fd24602bf0bea29cb2e80c2e54328281b51f0e6a4d2f0427c8694fb6ba"
"manuscript\figures\extended_data\extended_data_figure10_swebench_threshold_analysis.display.png","151326","8a5e075ff8768645767e9d5752c2651f03b489a6d4a325b3e47a0ef2fee525f9"
"manuscript\figures\extended_data\extended_data_figure10_swebench_threshold_analysis.pdf","18232","d4094ec71bd2b46f2e738140a742fa96bd34a7fe717c425f38a345ff3d115e3c"
"manuscript\figures\extended_data\extended_data_figure9_swebench_reliability_calibration.display.png","118218","663e882c0460a0e23a5462720aa450042eab13ac0306d50351d05c585c47491c"
"manuscript\figures\extended_data\extended_data_figure9_swebench_reliability_calibration.pdf","20192","e6307fcada8cc5e535f6117b4f37d048a640787edd90e0ab180d8e610b91d0c9"
"manuscript\figures\main\figure5_robustness_validation.display.png","375899","f2bbe8397ede721cc89a466ed6f45ec133e132b318221b9e7d92edee2e2031a3"
"manuscript\figures\main\figure5_robustness_validation.pdf","39699","ca1ee848b2e663e4abe723f071e39a5bc81e4816e2be9f7385e8b7a48e841231"
"manuscript\figures\main\figure5_robustness_validation.png","375899","f2bbe8397ede721cc89a466ed6f45ec133e132b318221b9e7d92edee2e2031a3"
"manuscript\figures\main\figure5_robustness_validation.svg","193732","c0b4251efb81c226ad9d74f7a3d3d66ecb318d7a9ec32fc481673db461218008"
"manuscript\figures\source_data\extended_data_figure10_swebench_threshold_analysis.csv","5490","73245fdde070118fa131573b9d93fb8ff54386c8b2feb3a6a4e87f173d4dec06"
"manuscript\figures\source_data\extended_data_figure9_swebench_reliability_calibration.csv","3118","cf5884a89e52f44cb5b94d9469094cfed9830779580b1e4640ea1149c90cd602"
"manuscript\figures\source_data\figure5c_swebench_incremental_auc.csv","397","261436e42398578da64de3ad54a1e119b8166983e795e059818bf94057b3e9b4"
"manuscript\figures\source_data\figure5d_swebench_single_predictor_auc.csv","1051","8897f8c61c79a4111aed67caeecf4d60cf8f8d0c3a2f3377d7f672f91fcb07eb"
"manuscript\figures\source_data\figure5e_swebench_sensitivity_guard.csv","626","4dcd90ac380e86767ac7c78cbb02794740919b5f5101b71a16c45e56be5e6c07"
"manuscript\figures\source_data\swebench_cv_reliability_predictions.csv","173570","357711d1bc45f7715cd42e59ca8e13c2f4b126a08bb535d0f093911a7c0ec945"
"manuscript\main_ai_open_author.pdf","1685485","fbeb46d014f2fc338d8c5bb863aa1145c9ddb2274c009e17eb164b56e6248bff"
"manuscript\supplementary_information_ai_open.pdf","1674378","c3bd5cb1238b067703135eafc5af752cc45152061485a2833dea02d88a69ed91"
"manuscript\tables\table17_swebench_fileloc_gate_summary.csv","1037","3908fd96df8f1a6d1bb07672c7c24365d5177ccc866ef7944b7d557f557b45e7"
"manuscript\tables\table17_swebench_fileloc_model_summary.csv","1022","e88e383a27969c8acf2d4731b794b72ba502ee009c8072e074e9b462f5e8ff27"
"manuscript\tables\table17_swebench_fileloc_predictor_summary.csv","1051","3fdfcca3aebe4ae9fe9bf953ba7299eb2ccb551bdaa72be00221d3ed70d53440"
"manuscript\tables\table8_decisive_field_positive_control_condition_summary.csv","1963","28369cd24484679b616ad4ff34f367c21337f1ab162933f7c9b97d61f437f95c"
"manuscript\tables\table8_decisive_field_positive_control_gate_summary.csv","354","3de73fb2979131268165b38dc72fadbf512ce7fc0615699d941e464e1a7e2a30"
"manuscript\tables\table8_decisive_field_positive_control_leakage_audit.csv","1745","e1fdfc5005cef5a958805d1eb360a6f95da72eff07f3839a2a725267b33083bf"
"manuscript\tables\table8_decisive_field_positive_control_task_cells.csv","15382","bc65e45323796cf8c3a3552c6b01205d1adc176f66440694e6f632a572c50b98"
"manuscript\tex\main_ai_open_author.tex","92820","2e70164a2e342d12bddedd1cb9c89da274c5b3ef12cd1bb428f17f3223dd73c0"
"manuscript\tex\references.bib","18222","471d9d2d75bfcb97821f664f7b99bce1fdc510b9bfc1360cc2e77a7deb899959"
"manuscript\tex\supplementary_information_ai_open.tex","125236","730bad9510ab052f491d4943eb39357e5e84b3da763f2c1b36fa05adfae75eaf"
"pyproject.toml","950","7d565ab305ee6b835f6aee186e209600d51f27d7d4ddae382fbccba26ecf5972"
"README.md","3802","218a59d8680268d2c6adc456c04ad35a49dd451ced8e902366fcdf70cbeb45ce"
"REPRODUCE_MINIMAL.md","869","90577e6a7c6350c3a1a0e9f816239a0601c2075650a9c3e8c15d144e221ea6c3"
"scripts\run\audit_open_weight_token_entropy.py","13449","a7bdd6b86ea77a8c2bc8af73a7797c8f5a9f470b015f9bb32954f7b220aaeb15"
"scripts\run\audit_swebench_repo_checkouts.py","5889","5a264a7c613ea61171c405b9745790883ac39946c0735a7f1701213595d79e01"
"scripts\run\audit_swebench_v2_claim_support.py","2828","ab01b44d22255594aca99e93e030d8947a57933213c7510a9d95021c49a93663"
"scripts\run\audit_swebench_v2_readiness.py","2786","9b83c37f993b7d0c8431f945b05c771e2a46e783b57774e33812ecf9964f172c"
"scripts\run\audit_swebench_v2_shards.py","3023","aa98a39361f5042fe1c1f97a73317f565ff7d862fefd84c2c59688fc2721f15f"
"scripts\run\merge_swebench_fileloc_v2_shards.py","1728","29b72062cde7a1ab2e75229f4b24f8e870337a9284318da4846f5059c2837586"
"scripts\run\rebuild_swebench_v2_conservative_exports.py","19806","cc8faeae7b94ee230331db1a8110172b82ac315439785e0b2e3012253f2e2ff0"
"scripts\run\rebuild_validation_figure5_conservative.py","8687","ded8810522fe39ba06d95bbdb15fa7199e7b22bc59f4c603c3af52090c7bf67e"
"scripts\run\run_causal_state_sufficiency_api.py","2140","1a3b9f05c658880c0a6cf6130b60a21021896490e204431041fd8f7e500bdbe3"
"scripts\run\run_decisive_field_positive_control_api.py","131","3af11f65eed3600eec2990cb9b8bcf009f316fbc723f16dc26b60feeed2ce0cf"
"scripts\run\run_formal_api_validation.py","18563","215aa128c2c2a0173e6332e245c9e4c1871e2bc4c176db9699df8df67c592721"
"scripts\run\run_formal_open_weight_validation.py","6866","e7ca7a84c57b6466f04c174e6887def09fc707044a339e106458ccb75a905432"
"scripts\run\run_strict_matching_local.py","2231","af9ad6a214687bca62adf04d1c35531f28c84dfe0e00a440b303bd01747ee29c"
"scripts\run\run_swebench_execution_slice_patch_generation_api.py","5141","79e5d1a2e4eb02e83fec9aab30ebc9615bca1d96e6188c8eabde28083376a58a"
"scripts\run\run_swebench_file_localization_v2_api.py","5887","fc7f7f108622cb6584c5fa3c14edc3d4a7d44b298ed70bf30c80c9304f2ee76c"
"scripts\run\run_swebench_patch_generation_v3_apply_repair.py","22284","c25aa77be9b216a9a5b3bf042d71ead0f043f95cf012a2bc3944339f8e64618d"
"scripts\run\select_formal_entropy_settings.py","8135","91c7058af11f9342a27b5b811ed3934e0457b67d7875b231eeca8e42d87dbd34"
"src\freewill\__init__.py","81","0ee59d6c57a97e561ad20236532c47145ccebca7464bf22d168227c97bc36d8a"
"src\freewill\action_canonicalization.py","5750","da3670dc29c41ad9cd95e6f62f888979585665a0a947646f00cc8009daa39c7a"
"src\freewill\behavioral_metrics.py","16733","503e4b79f96e7a8428116d216e98489ff0cfb67f106db2dd11e38a6bb711ba59"
"src\freewill\causal_state_sufficiency.py","25696","c52ef2f510e8c6db3fdb7bd8599a9a8ae55ff22a8ef199096b377b4d0af65466"
"src\freewill\config.py","15453","963d0545db3c74538af9aa9f341aef07bf150873ba0623d1e06e9f2d3b05bdd3"
"src\freewill\entropy_metrics.py","3316","a655accee4031f6119b5d82ed1fcef2474ae1db146830b9ad6575be0e297a82d"
"src\freewill\open_weight_runner.py","30685","56d1ad023d708a0151bfcdd348333c4c5c9e2ec4f0f559397f667a27745b6aca"
"src\freewill\providers.py","9183","61a602eb6467f201453852c7e58c0bba0b44ff276ebc95e45a96956b3f977441"
"src\freewill\real_task_predictive_validity.py","212736","ce1ee081196420f020353f88a7498a2d3f595399017d70c27fc66ffb502e8e57"
"src\freewill\schema_equalized_agents.py","26468","3fbff91c2b3ca319bd51aca0c51e4b62f482426a45d900dc481b0ceb6c65fe25"
"src\freewill\sign_test.py","9946","e07bc3d7dc41fa48a09ea7b2e7b7cea360be1f8165eab63d860b32e9fb83b5d5"
"src\freewill\strict_matching_local.py","14902","2860f11eb0efaec1c8547798df20dc785408fda402e0446ac9ed93d84d12c7fd"
"src\freewill\structured_control_validation.py","80425","37442066e90ff5b7974f16ac7e7d213a2fb63bad841aa4942376824b223766ae"
"src\freewill\utils.py","4654","193660d4b87ae9adf17b9cf2d4adc3f1d81a3e75e7ceb25882bbdbfdf20b1627"
